date,ensemble
2019-04-08,10000000000.0
2019-04-09,9999447909.941154
2019-04-10,9998909022.336843
2019-04-11,9999469835.589392
2019-04-12,9999013183.478563
2019-04-16,9998149509.879423
2019-04-17,9995878440.318071
2019-04-18,9993417693.94674
2019-04-19,9994744806.261726
2019-04-22,9995628393.6426
2019-04-23,9997033607.26994
2019-04-24,10000600763.54891
2019-04-25,9999093642.928398
2019-04-26,9999847455.420538
2019-05-02,9998857510.703892
2019-05-03,9996638168.741743
2019-05-06,9988707215.460949
2019-05-07,9989216601.894722
2019-05-08,9988085676.204803
2019-05-09,9988925448.5386
2019-05-10,9991318660.06479
2019-05-13,9991767107.052565
2019-05-14,9996022987.59315
2019-05-15,10004552955.528313
2019-05-16,10008752146.23824
2019-05-17,10007827874.763014
2019-05-20,10016377908.120852
2019-05-21,10014319222.787275
2019-05-22,10012119808.58897
2019-05-23,10012978521.416664
2019-05-24,9997282837.112991
2019-05-27,9999352152.288515
2019-05-28,9998589194.055977
2019-05-29,9998087298.648647
2019-05-30,9998281741.664885
2019-05-31,9984532092.75189
2019-06-03,9973659535.747696
2019-06-04,9975553112.360476
2019-06-05,9978204087.83115
2019-06-06,9976393470.44369
2019-06-07,9989808261.01368
2019-06-10,9996882232.999432
2019-06-11,9996948450.165577
2019-06-12,9984328886.112492
2019-06-13,9981853844.911348
2019-06-14,9988075160.923431
2019-06-17,9980897097.16319
2019-06-18,9981791444.637
2019-06-19,9997735194.814394
2019-06-20,10013573654.391151
2019-06-21,10006553768.683027
2019-06-24,10021758673.736588
2019-06-25,10018976845.966265
2019-06-26,10011645588.14898
2019-06-27,9992516089.756348
2019-06-28,10001425222.3406
2019-07-01,10021374391.63886
2019-07-02,10005753691.846024
2019-07-03,9993663797.71396
2019-07-04,10019079731.14854
2019-07-05,10019464322.410933
2019-07-08,10004400621.287884
2019-07-09,10009303481.242304
2019-07-10,10020298399.112305
2019-07-11,10030111998.949154
2019-07-12,10020817961.799858
2019-07-15,10012592625.000477
2019-07-16,10028632747.442747
2019-07-17,10032895082.456575
2019-07-18,10019206401.151756
2019-07-19,10041865598.299168
2019-07-22,10036310121.306942
2019-07-23,10052811483.852743
2019-07-24,10046934596.903387
2019-07-25,10054564250.787642
2019-07-26,10052230181.097618
2019-07-29,10068120542.136118
2019-07-30,10047919808.638096
2019-07-31,10045173739.86926
2019-08-01,10058468840.004951
2019-08-02,10037291534.374777
2019-08-05,9998059682.70481
2019-08-06,9979843961.12091
2019-08-07,9982656935.439934
2019-08-08,10016205368.413168
2019-08-09,10016449118.875034
2019-08-12,10012891802.235376
2019-08-13,9996033876.729218
2019-08-14,9999031263.443586
2019-08-15,10022022278.93253
2019-08-16,10027253968.84683
2019-08-19,10022824882.7767
2019-08-20,10032898851.374453
2019-08-21,10069173704.001469
2019-08-22,10077316807.632042
2019-08-23,10075444058.234455
2019-08-26,10060072439.74758
2019-08-27,10049563781.805511
2019-08-28,10050559604.007883
2019-08-29,10054098369.172304
2019-08-30,10069884051.051552
2019-09-03,10046715297.11438
2019-09-04,10046230169.313896
2019-09-05,10042405458.78608
2019-09-06,10039720078.033163
2019-09-09,10035421065.31731
2019-09-10,10023706958.980516
2019-09-11,10034565408.791996
2019-09-12,10071785400.309044
2019-09-13,10093108300.144403
2019-09-16,10113225975.798672
2019-09-17,10131155160.15038
2019-09-18,10116658271.142977
2019-09-19,10124977783.029436
2019-09-20,10107052390.7679
2019-09-23,10083524666.047504
2019-09-24,10099633425.22535
2019-09-25,10109717677.74297
2019-09-26,10117189233.712933
2019-09-27,10140329242.958664
2019-09-30,10129278094.17944
2019-10-01,10139758148.5273
2019-10-02,10118473352.332071
2019-10-03,10115382325.831648
2019-10-04,10105231502.082617
2019-10-07,10085957691.217402
2019-10-08,10108505478.5974
2019-10-09,10105967352.139542
2019-10-10,10104862023.362812
2019-10-11,10111130810.490925
2019-10-14,10112320664.431704
2019-10-15,10114203845.433985
2019-10-16,10114310827.24337
2019-10-17,10101477187.177431
2019-10-18,10097649812.017937
2019-10-21,10078108153.180763
2019-10-22,10094525884.005983
2019-10-23,10089294766.536352
2019-10-24,10123568437.080725
2019-10-25,10138901046.921196
2019-10-28,10136921231.442726
2019-10-29,10122779729.367502
2019-10-30,10131306231.963886
2019-10-31,10111987668.03992
2019-11-01,10125862721.815918
2019-11-04,10164098319.975727
2019-11-05,10169149894.794613
2019-11-06,10171949137.356932
2019-11-07,10178551132.162188
2019-11-08,10175165935.856997
2019-11-11,10170209766.413418
2019-11-12,10171271813.706238
2019-11-13,10149044719.382929
2019-11-14,10145832673.03347
2019-11-15,10134306097.604937
2019-11-18,10110429027.363651
2019-11-19,10141280423.9688
2019-11-20,10121236379.87912
2019-11-21,10095639941.692848
2019-11-22,10061152380.963505
2019-11-25,10046664674.838177
2019-11-26,10052414072.954546
2019-11-27,10062348791.362148
2019-11-28,10043677990.842972
2019-11-29,10045194820.095287
2019-12-02,10008703265.90137
2019-12-03,9992821840.332516
2019-12-04,10030368798.673147
2019-12-05,10023271346.798326
2019-12-06,10022638651.73364
2019-12-09,10026490940.462118
2019-12-10,10021335335.628056
2019-12-11,10031119553.80838
2019-12-12,10055787544.343664
2019-12-13,10052985551.863808
2019-12-16,10048038583.903664
2019-12-17,10025786985.660551
2019-12-18,10035012006.625795
2019-12-19,10044541420.172352
2019-12-20,10047524200.909037
2019-12-23,10047845861.390997
2019-12-24,10055444581.314926
2019-12-25,10054139459.2046
2019-12-26,10057696728.690308
2019-12-27,10069914698.887976
2019-12-30,10074893289.506914
2019-12-31,10067007578.476503
2020-01-02,10073979179.31773
2020-01-03,10069239276.335775
2020-01-06,10064940762.395777
2020-01-07,10068672248.694382
2020-01-08,10046448576.731112
2020-01-09,10053950884.197012
2020-01-10,10060367520.247858
2020-01-13,10048880455.323969
2020-01-14,10046369410.641926
2020-01-15,10043773711.709358
2020-01-16,10050723586.37552
2020-01-17,10063419214.528202
2020-01-20,10061341783.92202
2020-01-21,10078560809.408752
2020-01-22,10085103117.653332
2020-01-30,10013448606.284325
2020-01-31,9934664501.024565
2020-02-03,9931925402.52006
2020-02-04,9931975554.240677
2020-02-05,9931961700.219454
2020-02-06,9933313310.992174
2020-02-07,9932553645.827593
2020-02-10,9931515928.76914
2020-02-11,9932636712.490229
2020-02-12,9933545108.305649
2020-02-13,9934732388.048658
2020-02-14,9932809561.582012
2020-02-17,9930576925.796164
2020-02-18,9928382165.581532
2020-02-19,9929577796.623924
2020-02-20,9936279682.634356
2020-02-21,9933006640.95268
2020-02-24,9919843252.325115
2020-02-25,9924773155.6624
2020-02-26,9921759124.558336
2020-02-27,9924536177.89142
2020-02-28,9918754499.83999
2020-03-02,9918040822.99191
2020-03-03,9918167940.96014
2020-03-04,9918253162.599344
2020-03-05,9917957263.486015
2020-03-06,9917137976.211914
2020-03-09,9909053244.75616
2020-03-10,9908877922.60666
2020-03-11,9908877922.60666
2020-03-12,9908877922.60666
2020-03-13,9908877922.60666
2020-03-16,9908877922.60666
2020-03-17,9908877922.60666
2020-03-18,9908877922.60666
2020-03-19,9908556521.26396
2020-03-20,9908524971.457376
2020-03-23,9908524971.457376
2020-03-24,9907946477.257671
2020-03-25,9907918521.10819
2020-03-26,9907918521.10819
2020-03-27,9907918521.10819
2020-03-30,9907918521.10819
2020-03-31,9907966172.972317
2020-04-01,9907937618.678411
2020-04-03,9908743058.28457
2020-04-06,9911162000.167473
2020-04-07,9911259645.285255
2020-04-08,9909880314.556051
2020-04-09,9911622719.12313
2020-04-10,9911180135.698132
2020-04-13,9912356236.54969
2020-04-14,9912769480.641506
2020-04-15,9913472481.067171
2020-04-16,9913276521.942072
2020-04-17,9914839948.726698
2020-04-20,9915451912.874569
2020-04-21,9908993922.492374
2020-04-22,9909976685.725365
2020-04-23,9910557576.1091
2020-04-24,9911844826.401972
2020-04-27,9910101783.267954
2020-04-28,9909683729.104496
2020-04-29,9910363080.769142
2020-05-04,9908529280.194204
2020-05-05,9909858650.688374
2020-05-06,9913429982.865782
2020-05-07,9915239978.930937
2020-05-08,9917962982.712387
2020-05-11,9920375887.2454
2020-05-12,9922249582.83142
2020-05-13,9922715610.451672
2020-05-14,9923231289.442848
2020-05-15,9921081046.134651
2020-05-18,9922325867.771292
2020-05-19,9924523908.955318
2020-05-20,9926036090.25738
2020-05-21,9928712340.8323
2020-05-22,9924905689.283634
2020-05-25,9927383263.792692
2020-05-26,9931459351.773724
2020-05-27,9927423863.176777
2020-05-28,9927618480.409946
2020-05-29,9928332227.381542
2020-06-01,9932527518.115866
2020-06-02,9931577499.46813
2020-06-03,9933894369.826044
2020-06-04,9934533178.88968
2020-06-05,9935561005.960508
2020-06-08,9941793687.7629
2020-06-09,9943420039.84674
2020-06-10,9944262641.413128
2020-06-11,9930903114.921415
2020-06-12,9928468639.385809
2020-06-15,9928018554.981462
2020-06-16,9928469188.587893
2020-06-17,9927901900.123545
2020-06-18,9927615235.900658
2020-06-19,9928716400.979733
2020-06-22,9928544818.725504
2020-06-23,9927944620.292984
2020-06-24,9927455212.841616
2020-06-25,9927059102.1413
2020-06-26,9925829692.971668
2020-06-29,9923001423.321377
2020-06-30,9922245975.196554
2020-07-01,9924903792.813242
2020-07-02,9924431137.115396
2020-07-03,9925001310.333132
2020-07-06,9926536812.148111
2020-07-07,9926152808.519514
2020-07-08,9926005809.568224
2020-07-09,9927114058.477688
2020-07-10,9926495917.315989
2020-07-13,9926118700.793028
2020-07-14,9926210462.66578
2020-07-15,9926435477.446404
2020-07-16,9926598165.874348
2020-07-17,9926148842.667583
2020-07-20,9924669030.264034
2020-07-21,9924993241.64466
2020-07-22,9923621346.293997
2020-07-23,9922185323.471592
2020-07-24,9915111485.03125
2020-07-27,9903954535.55164
2020-07-28,9911926849.47699
2020-07-29,9907829935.256714
2020-07-30,9907927075.389996
2020-07-31,9903895013.289028
2020-08-03,9911688138.044554
2020-08-04,9918863340.6295
2020-08-05,9922139024.60851
2020-08-06,9920845409.642729
2020-08-07,9922206810.364676
2020-08-10,9922805226.241167
2020-08-11,9925305871.494236
2020-08-12,9925612946.539663
2020-08-13,9928971616.62155
2020-08-14,9926691273.558596
2020-08-17,9929079366.475258
2020-08-18,9927637236.85471
2020-08-19,9930245584.485697
2020-08-20,9929568488.962172
2020-08-21,9937069293.834044
2020-08-24,9941964608.1225
2020-08-25,9942918262.04732
2020-08-26,9943873971.761398
2020-08-27,9947895558.827652
2020-08-28,9949329029.489462
2020-08-31,9944145765.646978
2020-09-01,9949737380.16879
2020-09-03,9959586615.244434
2020-09-04,9960574363.894344
2020-09-07,9954141519.460522
2020-09-08,9959808579.860462
2020-09-09,9960848993.665089
2020-09-10,9962647991.66216
2020-09-11,9969585131.626198
2020-09-14,9977075973.670923
2020-09-15,9979165899.141075
2020-09-16,9984749120.00594
2020-09-17,9981470423.635836
2020-09-18,9994424657.726192
2020-09-21,10001614806.511105
2020-09-22,10014810046.13004
2020-09-23,10021427744.040756
2020-09-24,10025789829.330746
2020-09-25,10023901015.717188
2020-09-28,10045995492.250532
2020-09-29,10025289848.402948
2020-09-30,10030031258.9667
2020-10-01,10044454660.58611
2020-10-02,10036924321.47852
2020-10-05,10046697333.264236
2020-10-06,10057184623.533726
2020-10-07,10051126241.076689
2020-10-08,10048615043.163036
2020-10-09,10054175311.204418
2020-10-12,10057115083.584349
2020-10-13,10063627031.975489
2020-10-14,10074948853.386286
2020-10-15,10080028888.284962
2020-10-16,10079358753.951094
2020-10-19,10088369393.84357
2020-10-20,10098091554.39975
2020-10-21,10075841804.665655
2020-10-22,10089918252.10573
2020-10-23,10090521975.28951
2020-10-26,10064639263.513954
2020-10-27,10060578451.347609
2020-10-28,10039585985.323204
2020-10-29,10037273695.547018
2020-10-30,10032042901.848228
2020-11-02,10057331330.277798
2020-11-03,10070158689.811962
2020-11-04,10072978607.91899
2020-11-05,10064382289.43897
2020-11-06,10068721747.138988
2020-11-09,10090893412.599352
2020-11-10,10084803945.04445
2020-11-11,10084973717.612465
2020-11-12,10099825180.23297
2020-11-13,10113591990.239897
2020-11-16,10101178517.772053
2020-11-17,10130527834.965572
2020-11-18,10134615994.465778
2020-11-19,10148278620.351614
2020-11-20,10160423027.712536
2020-11-23,10164132606.473663
2020-11-24,10170522220.565111
2020-11-25,10168389596.956291
2020-11-26,10183600831.242804
2020-11-27,10193905609.927826
2020-11-30,10182271214.10653
2020-12-01,10189168813.980951
2020-12-02,10196475156.761925
2020-12-03,10216310030.996449
2020-12-04,10216384631.369884
2020-12-07,10233165168.639229
2020-12-08,10251521889.973495
2020-12-09,10273524819.8631
2020-12-10,10256728719.178028
2020-12-11,10283668706.38644
2020-12-14,10322144818.620852
2020-12-15,10314692179.6666
2020-12-16,10325632111.635489
2020-12-17,10313938651.523024
2020-12-18,10360088980.62626
2020-12-21,10395997434.052776
2020-12-22,10420598536.91917
2020-12-23,10403324958.858477
2020-12-24,10389480083.846155
2020-12-25,10436431098.93232
2020-12-28,10462881329.222466
2020-12-29,10463731679.296556
2020-12-30,10456135293.345528
2020-12-31,10491463937.421936
2021-01-04,10488606220.577587
2021-01-05,10488873112.731585
2021-01-06,10489010452.696585
2021-01-07,10489562877.156273
2021-01-08,10490024974.381046
2021-01-11,10490646769.684229
2021-01-12,10492281937.78166
2021-01-13,10492684383.29295
2021-01-14,10496360351.178707
2021-01-15,10499592610.994965
2021-01-18,10500756214.019377
2021-01-19,10493183585.904314
2021-01-20,10492507468.465666
2021-01-21,10499144216.785557
2021-01-22,10500736399.250423
2021-01-25,10501491479.10357
2021-01-26,10488455272.05703
2021-01-27,10474356524.979374
2021-01-28,10459290059.174068
2021-01-29,10467623819.772966
2021-02-01,10467249904.856049
2021-02-02,10467249904.856049
2021-02-03,10468368284.232294
2021-02-04,10468137455.472313
2021-02-05,10469570410.327547
2021-02-08,10468046658.614904
2021-02-09,10470490698.21581
2021-02-17,10475071316.39351
2021-02-18,10476492564.819338
2021-02-19,10475323901.23863
2021-02-22,10474620257.627035
2021-02-23,10474574843.28203
2021-02-24,10473044306.41914
2021-02-25,10473233190.694662
2021-02-26,10474586738.255072
2021-03-01,10479733443.44064
2021-03-02,10479463721.721155
2021-03-03,10479037033.864048
2021-03-04,10472282161.746967
2021-03-05,10473438293.545193
2021-03-08,10478243319.661762
2021-03-09,10476919927.3937
2021-03-10,10476490271.013151
2021-03-11,10484137395.51772
2021-03-12,10486356429.784178
2021-03-15,10486345513.02525
2021-03-16,10483282490.786568
2021-03-17,10485953720.373243
2021-03-18,10491354643.556376
2021-03-19,10495859683.19703
2021-03-22,10493577677.816534
2021-03-23,10491012439.192526
2021-03-24,10478428436.370724
2021-03-25,10476442873.00019
2021-03-26,10475169841.989117
2021-03-29,10481008481.652456
2021-03-30,10492249412.475988
2021-03-31,10492334865.939508
2021-04-01,10513299823.456535
2021-04-02,10522583116.660915
2021-04-05,10534457195.09658
2021-04-06,10533024803.50772
2021-04-07,10538782972.2248
2021-04-08,10541938149.21587
2021-04-09,10545119532.673388
2021-04-12,10561149643.044388
2021-04-13,10548776751.59784
2021-04-14,10551403686.58372
2021-04-15,10537606893.590084
2021-04-16,10538188734.995825
2021-04-19,10560566271.247274
2021-04-20,10559719061.980022
2021-04-22,10513034241.21991
2021-04-23,10540045040.247358
2021-04-26,10532932633.31846
2021-04-27,10526445879.776129
2021-04-28,10532711046.026596
2021-04-29,10534131543.416634
2021-05-04,10543234810.77285
2021-05-05,10541867845.10534
2021-05-06,10541803126.796797
2021-05-07,10541212101.086489
2021-05-10,10542609156.42439
2021-05-11,10542505942.686869
2021-05-12,10543558151.022156
2021-05-13,10543031255.657902
2021-05-14,10542923531.322872
2021-05-17,10542024886.540125
2021-05-18,10541964406.91082
2021-05-19,10542774729.831455
2021-05-20,10544329620.441095
2021-05-21,10544110529.945051
2021-05-24,10544484767.964005
2021-05-25,10544728662.39915
2021-05-26,10544898364.343008
2021-05-27,10544229864.7935
2021-05-28,10546344775.023468
2021-05-31,10548276087.918684
2021-06-01,10547915798.101282
2021-06-02,10547783328.79782
2021-06-03,10550378860.44116
2021-06-04,10551147897.06766
2021-06-07,10549355851.315958
2021-06-08,10543195600.738094
2021-06-09,10544501102.159082
2021-06-10,10541292024.607786
2021-06-11,10545740987.975449
2021-06-14,10548848587.521338
2021-06-15,10551451520.487616
2021-06-16,10549068618.174212
2021-06-17,10552024942.190315
2021-06-18,10552527163.509024
2021-06-21,10550856674.278685
2021-06-22,10551528255.960686
2021-06-23,10549690013.957394
2021-06-24,10549331641.612762
2021-06-25,10552565223.355127
2021-06-28,10554725560.577576
2021-06-29,10555489194.208082
2021-06-30,10553308911.427645
2021-07-01,10555619434.590511
2021-07-02,10555832843.22049
2021-07-05,10550581411.719145
2021-07-06,10535717362.572697
2021-07-07,10539283082.843754
2021-07-08,10536219832.56922
2021-07-09,10527689317.834166
2021-07-12,10520136090.842876
2021-07-13,10522248436.568876
2021-07-14,10519340421.387594
2021-07-15,10521149084.970114
2021-07-16,10527131601.707222
2021-07-19,10513295799.013483
2021-07-20,10521542996.082788
2021-07-21,10520246695.114922
2021-07-22,10532304941.661629
2021-07-23,10519066395.019024
2021-07-26,10527168745.86218
2021-07-27,10535395686.2705
2021-07-28,10533894200.385586
2021-07-29,10545356777.32253
2021-07-30,10564892346.312937
2021-08-02,10570500424.75549
2021-08-03,10589480238.2472
2021-08-04,10586964887.255009
2021-08-05,10590120337.171057
2021-08-06,10586379061.914192
2021-08-09,10608984760.540125
2021-08-10,10608572208.82556
2021-08-11,10589400064.171535
2021-08-12,10578838904.54231
2021-08-13,10581826957.714418
2021-08-16,10592861211.707424
2021-08-17,10591144548.378456
2021-08-18,10597858521.957258
2021-08-19,10623053031.93954
2021-08-20,10566649963.650543
2021-08-23,10509322710.12431
2021-08-24,10519788815.411892
2021-08-25,10544236448.68116
2021-08-26,10530848020.72971
2021-08-27,10564560020.597916
2021-08-30,10563383464.067007
2021-08-31,10583513448.33083
2021-09-01,10570469163.0041
2021-09-06,10581737729.59088
2021-09-07,10543881931.36373
2021-09-08,10537895161.793964
2021-09-09,10552640201.956972
2021-09-10,10543306265.468544
2021-09-13,10544660235.297464
2021-09-14,10557591255.488531
2021-09-15,10611330149.74938
2021-09-16,10620980728.641888
2021-09-17,10609130041.026936
2021-09-20,10592267495.701645
2021-09-21,10586293787.618246
2021-09-22,10612789609.222744
2021-09-23,10602203178.990206
2021-09-24,10578433780.542292
2021-09-27,10500203239.42936
2021-09-28,10548956771.54746
2021-09-29,10570276169.391684
2021-09-30,10596112769.578484
2021-10-01,10586776447.95171
2021-10-04,10612036403.142292
2021-10-05,10632930267.267944
2021-10-06,10654406151.3498
2021-10-07,10664552099.778889
2021-10-08,10717566072.630089
2021-10-11,10770390490.763262
2021-10-12,10782104761.527864
2021-10-13,10777267849.13544
2021-10-14,10778979078.690483
2021-10-15,10763615274.140202
2021-10-18,10804177282.3734
2021-10-19,10789479639.440536
2021-10-20,10802192871.70044
2021-10-21,10779045077.371635
2021-10-22,10806769991.8955
2021-10-25,10799140807.859049
2021-10-26,10796502344.950214
2021-10-27,10912404348.691715
2021-10-28,10942572209.33398
2021-10-29,10943269088.94467
2021-11-01,10866168133.270777
2021-11-02,10909082061.386583
2021-11-03,10861729374.702728
2021-11-04,10870316617.416204
2021-11-05,10902254389.416492
2021-11-08,10949329004.152954
2021-11-09,10930414764.57279
2021-11-10,10930720780.786856
2021-11-11,10930772162.055534
2021-11-12,10966492828.60222
2021-11-15,10992986649.665668
2021-11-16,10969227836.316366
2021-11-17,10976386402.531109
2021-11-18,10939755646.848948
2021-11-19,10878669013.2412
2021-11-22,10831877797.278015
2021-11-23,10935393752.662737
2021-11-24,10975143463.57352
2021-11-25,11027841656.853992
2021-11-26,11031587147.26756
2021-11-29,11056687390.527128
2021-11-30,11069868561.670376
2021-12-01,11085833776.226856
2021-12-02,11088742113.960602
2021-12-03,11003999379.274769
2021-12-06,10960911284.03774
2021-12-07,11055217911.6142
2021-12-08,11054699162.710136
2021-12-09,11128190798.337704
2021-12-10,11091281374.448574
2021-12-13,11136379501.10208
2021-12-14,11095144563.219654
2021-12-15,11089490792.192236
2021-12-16,11119271947.58257
2021-12-17,11123014826.120913
2021-12-20,11115790320.561829
2021-12-21,11153949005.191393
2021-12-22,11177494617.490948
2021-12-23,11147835978.25019
2021-12-24,11166724923.124226
2021-12-27,11197044402.361372
2021-12-28,11206461671.151833
2021-12-29,11188994871.813593
2021-12-30,11199229709.039116
2021-12-31,11180219753.596748
2022-01-04,11256883681.050716
2022-01-05,11212314707.409618
2022-01-06,11208496186.65859
2022-01-07,11201859363.217152
2022-01-10,11128739912.627802
2022-01-11,11036150204.129309
2022-01-12,11054064423.13462
2022-01-13,11009473378.692928
2022-01-14,11018265107.437948
2022-01-17,10891998307.11164
2022-01-18,10855004158.34633
2022-01-19,10918386359.399818
2022-01-20,10965202271.698868
2022-01-21,10997566067.930292
2022-01-24,10822438317.80081
2022-01-25,10959651341.609812
2022-01-26,10920601273.586824
2022-01-27,10905033793.685162
2022-01-28,10929710121.297104
2022-02-07,10967393896.850813
2022-02-08,10934815127.599962
2022-02-09,10950898041.560429
2022-02-10,10969927312.398552
2022-02-11,10959168048.038954
2022-02-14,10940939241.118694
2022-02-15,11063941059.457865
2022-02-16,11089889678.818048
2022-02-17,11154807410.130035
2022-02-18,11166662590.821278
2022-02-21,11182594160.10278
2022-02-22,11132374840.597548
2022-02-23,11220116256.99395
2022-02-24,11231392053.638916
2022-02-25,11225614580.49321
2022-02-28,11207553081.546194
2022-03-01,11232166601.662804
2022-03-02,11238726428.063452
2022-03-03,11308665667.96625
2022-03-04,11336174964.73135
2022-03-07,11314084209.988894
2022-03-08,11241983333.613811
2022-03-09,11216053469.855171
2022-03-10,11181222865.283474
2022-03-11,11081061681.512714
2022-03-14,10983417519.26096
2022-03-15,11044461836.509356
2022-03-16,11069688173.50188
2022-03-17,11035401025.979366
2022-03-18,11102054267.87906
2022-03-21,11288587270.938929
2022-03-22,11377690383.53347
2022-03-23,11366638610.788986
2022-03-24,11368446720.44423
2022-03-25,11353476595.728577
2022-03-28,11316950440.973791
2022-03-29,11437586454.91273
2022-03-30,11364066940.667145
2022-03-31,11320253903.642784
2022-04-01,11465919045.826698
2022-04-04,11468163505.832045
2022-04-05,11446961893.047647
2022-04-06,11479821451.778044
2022-04-07,11359033091.68888
2022-04-08,11240249088.19872
2022-04-12,11088681529.122627
2022-04-13,11254084478.87606
2022-04-14,11185840566.78752
2022-04-15,11123697468.342422
2022-04-18,11041686286.32636
2022-04-19,10821371369.815224
2022-04-20,10742573456.533466
2022-04-21,10674432340.63674
2022-04-22,10647069016.85109
2022-04-25,10248436036.669518
2022-04-26,10381506719.08682
2022-04-27,10497867718.36516
2022-04-28,10521398596.210953
2022-04-29,10595010925.166588
2022-05-04,10472815132.668434
2022-05-05,10540113136.14284
2022-05-06,10349142536.96123
2022-05-09,10029174581.066393
2022-05-10,10211874876.343554
2022-05-11,10283423079.717129
2022-05-12,9843914775.859877
2022-05-13,9519016959.393524
2022-05-16,9384822543.427078
2022-05-17,9375230441.984797
2022-05-18,9376056245.103949
2022-05-19,9377423116.644394
2022-05-20,9377115322.799644
2022-05-23,9373222056.97419
2022-05-24,9377613842.389858
2022-05-25,9390955608.955725
2022-05-26,9393280704.15314
2022-05-27,9406692110.797297
2022-05-30,9415262122.897873
2022-05-31,9411896705.526712
2022-06-01,9421268568.78576
2022-06-02,9412800127.73726
2022-06-03,9408875586.693562
2022-06-06,9408997758.64742
2022-06-07,9417793083.479328
2022-06-08,9429085211.77724
2022-06-09,9427926675.717216
2022-06-10,9398352564.733965
2022-06-13,9324910988.202105
2022-06-14,9328583187.345266
2022-06-15,9309592689.531689
2022-06-16,9353450974.494062
2022-06-17,9347405316.631603
2022-06-20,9283686722.012247
2022-06-21,9267731661.860264
2022-06-22,9265058900.733955
2022-06-23,9266634561.002338
2022-06-24,9266872913.554058
2022-06-27,9270440334.314545
2022-06-28,9275293552.89692
2022-06-29,9273555135.027351
2022-06-30,9264428155.750809
2022-07-01,9265665889.187456
2022-07-04,9264158020.124952
2022-07-05,9251055388.041416
2022-07-06,9230168343.906729
2022-07-07,9244369674.10964
2022-07-08,9252369009.79256
2022-07-11,9239113434.625126
2022-07-12,9254952693.09441
2022-07-13,9257329800.825668
2022-07-14,9268278760.863005
2022-07-15,9263066977.823006
2022-07-18,9262785017.95012
2022-07-19,9265853061.920414
2022-07-20,9282853767.755323
2022-07-21,9285776496.276772
2022-07-22,9283028292.469986
2022-07-25,9278171187.393057
2022-07-26,9274936088.01458
2022-07-27,9285994137.46976
2022-07-28,9301476947.490732
2022-07-29,9281358206.628742
2022-08-01,9324034131.718033
2022-08-02,9334817490.787403
2022-08-03,9346377020.590595
2022-08-04,9343151169.415594
2022-08-05,9337460059.647743
2022-08-08,9342695812.872976
2022-08-09,9339970817.887884
2022-08-10,9344236678.852177
2022-08-11,9340077170.917303
2022-08-12,9358795577.89607
2022-08-15,9372833828.76889
2022-08-16,9374472423.327991
2022-08-17,9374357926.673964
2022-08-18,9370156560.039652
2022-08-19,9356344477.55471
2022-08-22,9349235215.143156
2022-08-23,9372902590.475767
2022-08-24,9385321416.61718
2022-08-25,9405542202.564636
2022-08-26,9388277600.896008
2022-08-29,9362066090.011305
2022-08-30,9376626877.3572
2022-08-31,9365385903.73258
2022-09-05,9374871108.534882
2022-09-06,9366154533.40492
2022-09-07,9271449338.50874
2022-09-08,9255280352.386122
2022-09-09,9297741006.428976
2022-09-12,9284476028.444654
2022-09-13,9276648470.26315
2022-09-14,9274186929.805729
2022-09-15,9284096633.57528
2022-09-16,9244558556.84711
2022-09-19,9197605844.19698
2022-09-20,9235701618.747437
2022-09-21,9207921736.277428
2022-09-22,9207776991.199797
2022-09-23,9168924744.536167
2022-09-26,9063470195.425978
2022-09-27,9028296560.25862
2022-09-28,8966159447.907751
2022-09-29,8908598071.985785
2022-09-30,8925939503.401628
2022-10-03,8751857930.58345
2022-10-04,8698303249.061441
2022-10-05,8787213988.909977
2022-10-06,8661690443.778673
2022-10-07,8518950042.064947
2022-10-10,8540829415.404108
2022-10-11,8409293733.117138
2022-10-12,8518705721.596239
2022-10-13,8560607341.126738
2022-10-14,8586741430.516737
2022-10-17,8569351092.469892
2022-10-18,8651449959.256598
2022-10-19,8625568317.257927
2022-10-20,8642081032.928413
2022-10-21,8464693089.622517
2022-10-24,8329071776.525842
2022-10-25,8391193191.619543
2022-10-26,8400428962.696964
2022-10-27,8558483912.664467
2022-10-28,8529106693.170248
2022-10-31,8516129037.369488
2022-11-01,8535983951.060951
2022-11-02,8469903393.721573
2022-11-03,8501783701.475208
2022-11-04,8405762786.610537
2022-11-07,8320024012.750199
2022-11-08,8341848167.295362
2022-11-09,8334817158.156003
2022-11-10,8173780968.10867
2022-11-11,8215430139.135107
2022-11-14,8210265669.803386
2022-11-15,8208573963.524915
2022-11-16,8210300958.085726
2022-11-17,8212000339.289003
2022-11-18,8213536844.207969
2022-11-21,8212902015.771042
2022-11-22,8213975311.455059
2022-11-23,8211416467.010926
2022-11-24,8211135974.06755
2022-11-25,8216358477.999389
2022-11-28,8222812072.954523
2022-11-29,8229456764.466368
2022-11-30,8235683951.248926
2022-12-01,8234961383.768303
2022-12-02,8248843185.099541
2022-12-05,8258981113.174181
2022-12-06,8245770856.204254
2022-12-07,8243022455.4257
2022-12-08,8249973061.16709
2022-12-09,8253664322.635064
2022-12-12,8244308718.312544
2022-12-13,8249974746.273035
2022-12-14,8251650017.853995
2022-12-15,8254230930.772615
2022-12-16,8255493241.170258
2022-12-19,8245917627.499264
2022-12-20,8236198695.947297
2022-12-21,8231617915.477481
2022-12-22,8237772988.461456
2022-12-23,8234172758.15467
2022-12-26,8206674645.8558655
2022-12-27,8226045394.8002
2022-12-28,8232084592.504135
2022-12-29,8229414757.718275
2022-12-30,8223770737.280307
2023-01-03,8247826019.030613
2023-01-04,8248461487.627539
2023-01-05,8256598655.719573
2023-01-06,8252384272.567733
2023-01-09,8252573783.42201
2023-01-10,8249970789.148498
2023-01-11,8252394430.185101
2023-01-12,8247544345.4182
2023-01-13,8241347624.045551
2023-01-16,8244271234.743952
2023-01-17,8260064374.703545
2023-01-18,8271644946.642936
2023-01-19,8278960175.262485
2023-01-27,8287536408.858128
2023-01-30,8281411363.223318
2023-01-31,8295128322.878185
2023-02-01,8254944271.716701
2023-02-02,8251917871.626835
2023-02-03,8245130614.338727
2023-02-06,8263651300.651687
2023-02-07,8237348101.931735
2023-02-08,8249724681.193559
2023-02-09,8244072997.171782
2023-02-10,8230271361.822321
2023-02-13,8201097004.973576
2023-02-14,8206981444.549557
2023-02-15,8222465737.242663
2023-02-16,8249216758.912266
2023-02-17,8250774891.502562
2023-02-20,8298139267.892299
2023-02-21,8293474702.339668
2023-02-22,8237404329.108241
2023-02-23,8239528601.298013
2023-02-24,8204794354.513202
2023-02-27,8161063725.750367
2023-02-28,8160512027.901088
2023-03-01,8189624517.753791
2023-03-02,8187741423.648665
2023-03-03,8144884327.487688
2023-03-06,8160144598.863969
2023-03-07,8193954600.156286
2023-03-08,8224519649.6654415
2023-03-09,8236315674.910519
2023-03-10,8223288398.948128
2023-03-13,8205686658.358868
2023-03-14,8156540850.401045
2023-03-15,8224501844.472233
2023-03-16,8188342657.334883
2023-03-17,8173330247.091155
2023-03-20,8099722899.276239
2023-03-21,8128810776.999462
2023-03-22,8142803179.991388
2023-03-23,8162438054.335817
2023-03-24,8169410454.122272
2023-03-27,8205097900.819965
2023-03-28,8200247882.106756
2023-03-29,8207518612.541893
2023-03-30,8208038321.996176
2023-03-31,8225120895.701258
2023-04-03,8295011046.135834
2023-04-04,8312044838.160508
2023-04-05,8331274185.22468
2023-04-06,8286073024.593563
2023-04-07,8284619493.055048
2023-04-10,8281717005.770512
2023-04-11,8281410595.623613
2023-04-12,8292863872.329093
2023-04-13,8276664978.874704
2023-04-14,8219343515.695593
2023-04-17,8228318156.955698
2023-04-18,8243787778.310698
2023-04-19,8209970678.909887
2023-04-20,8206791212.041164
2023-04-21,8184174985.341879
2023-04-24,8164313893.196447
2023-04-25,8144572245.091942
2023-04-26,8175461566.303294
2023-04-27,8172833325.182827
2023-04-28,8221275300.145126
2023-05-04,8206584863.632856
2023-05-05,8205982486.643227
2023-05-08,8264577340.396067
2023-05-09,8277917109.382198
2023-05-10,8298135667.069166
2023-05-11,8300844559.686574
2023-05-12,8349875543.896328
2023-05-15,8325043755.065383
2023-05-16,8341691366.932065
2023-05-17,8297888876.75212
2023-05-18,8329760932.178007
2023-05-19,8345049628.251509
2023-05-22,8369092589.120319
2023-05-23,8365711313.983645
2023-05-24,8332120346.4452095
2023-05-25,8341396336.257505
2023-05-26,8344904689.540472
2023-05-29,8403210180.771345
2023-05-30,8421917248.267618
2023-05-31,8414290039.025787
2023-06-01,8438985083.554708
2023-06-02,8475436190.808635
2023-06-05,8509498841.904102
2023-06-06,8560988829.2532625
2023-06-07,8577063340.63279
2023-06-08,8524380779.523685
2023-06-09,8554795770.200695
2023-06-12,8579628704.096695
2023-06-13,8624770390.707905
2023-06-14,8592018855.621304
2023-06-15,8587937922.748277
2023-06-16,8610867009.290821
2023-06-19,8570519093.811716
2023-06-20,8608204470.029325
2023-06-21,8657656795.22262
2023-06-22,8694106910.779915
2023-06-23,8694257547.348978
2023-06-26,8707994388.174694
2023-06-27,8731027018.008013
2023-06-28,8752535392.038277
2023-06-29,8682459686.5514
2023-06-30,8671882027.041233
2023-07-03,8671087470.641966
2023-07-04,8715742041.884327
2023-07-05,8733783900.492386
2023-07-06,8698881545.566584
2023-07-07,8786754937.119297
2023-07-10,8801572907.190588
2023-07-11,8803477233.264788
2023-07-12,8822022977.111094
2023-07-13,8871518115.241295
2023-07-14,8925518871.75431
2023-07-17,8968213503.692905
2023-07-18,8941619258.224716
2023-07-19,8937767119.535767
2023-07-20,8953733482.48117
2023-07-21,9044954295.11064
2023-07-24,9056921819.66212
2023-07-25,9093185867.745905
2023-07-26,9145890648.071253
2023-07-27,9169029214.911049
2023-07-28,9215551357.453236
2023-07-31,9259763034.561983
2023-08-01,9184628593.898262
2023-08-02,9210273255.572182
2023-08-03,9173773744.481668
2023-08-04,9253491423.60678
2023-08-07,9328020041.079514
2023-08-08,9319626761.119648
2023-08-09,9288164171.207949
2023-08-10,9220889106.540257
2023-08-11,9327589792.566893
2023-08-14,9384370143.38015
2023-08-15,9384087885.545326
2023-08-16,9451976556.84102
2023-08-17,9411237880.319958
2023-08-18,9150576376.275314
2023-08-21,9145274134.982212
2023-08-22,9167193905.893766
2023-08-23,9116161259.822811
2023-08-24,9272553334.830944
2023-08-25,9264323405.189396
2023-08-28,9414877654.028276
2023-08-29,9434948057.096935
2023-08-30,9541059141.426006
2023-08-31,9587414577.60766
2023-09-05,9621602112.177954
2023-09-06,9711781753.355787
2023-09-07,9673859808.031258
2023-09-08,9681779228.608051
2023-09-11,9565710185.14231
2023-09-12,9719228586.608082
2023-09-13,9654841472.976831
2023-09-14,9538454959.218708
2023-09-15,9574931736.72747
2023-09-18,9518441211.334198
2023-09-19,9534928943.763603
2023-09-20,9621365879.152493
2023-09-21,9517165257.288977
2023-09-22,9365119281.45433
2023-09-25,9109483255.50396
2023-09-26,9035453831.658884
2023-09-27,9167628114.46951
2023-09-28,9133598709.906693
2023-09-29,9116485361.685904
2023-10-02,9121542526.477152
2023-10-03,8900858602.79087
2023-10-04,8960456243.231186
2023-10-05,8851372511.830067
2023-10-06,8941204884.215433
2023-10-09,9017960501.313175
2023-10-10,9054979929.583052
2023-10-11,9119674900.286478
2023-10-12,9124906444.950829
2023-10-13,9148011982.658432
2023-10-16,9071928625.49585
2023-10-17,8877072087.65038
2023-10-18,8788414890.78978
2023-10-19,8690076769.959965
2023-10-20,8829362682.09418
2023-10-23,8772040713.316998
2023-10-24,8866750514.717884
2023-10-25,8824972931.793892
2023-10-26,8550261734.506618
2023-10-27,8631391442.2067
2023-10-30,8501570436.741268
2023-10-31,8410969483.737993
2023-11-01,8546080718.45994
2023-11-02,8784283260.698668
2023-11-03,8745967469.431957
2023-11-06,8838679214.88736
2023-11-07,8786129428.207336
2023-11-08,9033324363.223042
2023-11-09,9042353225.935633
2023-11-10,8973586185.4239
2023-11-13,9004267941.010128
2023-11-14,9054433983.606873
2023-11-15,9086675686.728289
2023-11-16,9135152433.760777
2023-11-17,9004252268.297323
2023-11-20,9035997065.787657
2023-11-21,9075625653.90064
2023-11-22,9132534565.37324
2023-11-23,8922683951.350538
2023-11-24,8983157085.48783
2023-11-27,8922789485.54234
2023-11-28,8967458989.08178
2023-11-29,8993293161.963877
2023-11-30,8967302052.57039
2023-12-01,9020585679.808195
2023-12-04,9169211780.43805
2023-12-05,9168919345.891758
2023-12-06,9230505705.58858
2023-12-07,9163521466.93507
2023-12-08,9162872049.717112
2023-12-11,9165864817.17744
2023-12-12,9190990035.951582
2023-12-13,9097152529.92199
2023-12-14,9081020228.071692
2023-12-15,9039363988.295034
2023-12-18,8969938799.831808
2023-12-19,9018831108.887346
2023-12-20,9043753169.887444
2023-12-21,9049231652.352827
2023-12-22,9022003627.36404
2023-12-25,9099662630.166067
2023-12-26,9151596002.729143
2023-12-27,9149687755.839031
2023-12-28,9169469764.343773
2023-12-29,9139940664.845924
2024-01-02,9171006038.109377
2024-01-03,9233439728.094095
2024-01-04,9274395468.718643
2024-01-05,9294239712.664394
2024-01-08,9321621281.05822
2024-01-09,9303951471.507135
2024-01-10,9269631937.918213
2024-01-11,9307104223.216278
2024-01-12,9252533303.914425
2024-01-15,9253082297.265371
