,date,open,high,low,close,volume,s,tic
0,2022-04-01,1489.47,1516.87,1484.13,1516.44,881661100,ok,VNINDEX
1,2022-04-04,1530.02,1530.95,1522.82,1524.7,734587100,ok,VNINDEX
2,2022-04-05,1521.37,1527.57,1519.28,1520.03,663110500,ok,VNINDEX
3,2022-04-06,1513.17,1523.75,1507.62,1522.9,912695000,ok,VNINDEX
4,2022-04-07,1524.12,1524.92,1502.35,1502.35,763664700,ok,VNINDEX
5,2022-04-08,1501.61,1507.73,1482.0,1482.0,741103600,ok,VNINDEX
6,2022-04-12,1487.86,1490.58,1455.25,1455.25,656188800,ok,VNINDEX
7,2022-04-13,1459.48,1477.2,1448.52,1477.2,636344500,ok,VNINDEX
8,2022-04-14,1481.5,1484.34,1471.75,1472.12,498914000,ok,VNINDEX
9,2022-04-15,1470.53,1478.95,1456.39,1458.56,639722900,ok,VNINDEX
10,2022-04-18,1456.47,1456.47,1425.07,1432.6,790646000,ok,VNINDEX
11,2022-04-19,1435.78,1442.04,1406.45,1406.45,666337000,ok,VNINDEX
12,2022-04-20,1401.63,1410.64,1384.72,1384.72,652803300,ok,VNINDEX
13,2022-04-21,1369.8,1392.33,1356.58,1370.21,741348500,ok,VNINDEX
14,2022-04-22,1378.28,1392.89,1352.43,1379.23,799750600,ok,VNINDEX
15,2022-04-25,1377.75,1382.13,1298.38,1310.92,696873600,ok,VNINDEX
16,2022-04-26,1285.4,1341.34,1261.4,1341.34,673169600,ok,VNINDEX
17,2022-04-27,1340.07,1355.92,1314.81,1353.77,485406800,ok,VNINDEX
18,2022-04-28,1353.71,1358.07,1344.17,1350.99,458334600,ok,VNINDEX
19,2022-04-29,1347.08,1369.31,1343.24,1366.8,532838100,ok,VNINDEX
20,2022-05-04,1366.11,1366.39,1348.68,1348.68,498884800,ok,VNINDEX
21,2022-05-05,1361.62,1362.18,1331.41,1360.68,510234300,ok,VNINDEX
22,2022-05-06,1333.55,1333.55,1328.13,1329.26,510678900,ok,VNINDEX
23,2022-05-09,1313.49,1314.52,1265.54,1269.62,627609200,ok,VNINDEX
24,2022-05-10,1240.93,1293.56,1232.57,1293.56,600766800,ok,VNINDEX
25,2022-05-11,1295.39,1305.17,1277.91,1301.53,380880400,ok,VNINDEX
26,2022-05-12,1290.4,1291.65,1238.05,1238.84,516642600,ok,VNINDEX
27,2022-05-13,1235.03,1237.8,1180.6,1182.77,736096200,ok,VNINDEX
28,2022-05-16,1208.05,1215.96,1170.59,1171.95,551353400,ok,VNINDEX
29,2022-05-17,1164.32,1228.37,1156.54,1228.37,542868100,ok,VNINDEX
30,2022-05-18,1240.06,1249.84,1222.92,1240.76,514538800,ok,VNINDEX
31,2022-05-19,1211.31,1246.66,1210.43,1241.64,459858400,ok,VNINDEX
32,2022-05-20,1240.72,1252.96,1232.33,1240.71,465793600,ok,VNINDEX
33,2022-05-23,1246.56,1246.58,1207.99,1218.81,488979100,ok,VNINDEX
34,2022-05-24,1218.87,1233.38,1203.28,1233.38,479498700,ok,VNINDEX
35,2022-05-25,1238.52,1268.43,1234.17,1268.43,616951500,ok,VNINDEX
36,2022-05-26,1273.8,1278.11,1261.55,1268.57,514352700,ok,VNINDEX
37,2022-05-27,1270.56,1286.99,1269.29,1285.45,578174500,ok,VNINDEX
38,2022-05-30,1290.11,1296.22,1281.27,1293.92,499452600,ok,VNINDEX
39,2022-05-31,1288.63,1297.64,1280.44,1292.68,543596100,ok,VNINDEX
40,2022-06-01,1289.56,1302.25,1286.01,1299.52,505619500,ok,VNINDEX
41,2022-06-02,1300.58,1302.66,1283.32,1288.62,527933000,ok,VNINDEX
42,2022-06-03,1284.62,1292.78,1276.37,1287.98,393832200,ok,VNINDEX
43,2022-06-06,1290.04,1302.14,1281.95,1290.01,541562900,ok,VNINDEX
44,2022-06-07,1285.07,1291.35,1260.92,1291.35,625987600,ok,VNINDEX
45,2022-06-08,1297.56,1316.78,1294.27,1307.91,543305900,ok,VNINDEX
46,2022-06-09,1310.35,1312.44,1300.85,1307.8,436340700,ok,VNINDEX
47,2022-06-10,1298.78,1309.59,1284.08,1284.08,561068400,ok,VNINDEX
48,2022-06-13,1251.08,1261.54,1226.01,1227.04,709415500,ok,VNINDEX
49,2022-06-14,1213.44,1239.36,1211.13,1230.31,519177100,ok,VNINDEX
50,2022-06-15,1231.23,1235.56,1195.19,1213.93,626914600,ok,VNINDEX
51,2022-06-16,1227.24,1246.32,1223.0,1236.63,522295400,ok,VNINDEX
52,2022-06-17,1210.5,1220.41,1191.92,1217.3,684022500,ok,VNINDEX
53,2022-06-20,1218.37,1221.6,1180.4,1180.4,620002900,ok,VNINDEX
54,2022-06-21,1172.98,1189.97,1162.94,1172.47,607711900,ok,VNINDEX
55,2022-06-22,1180.11,1185.86,1162.98,1169.27,529135300,ok,VNINDEX
56,2022-06-23,1162.06,1188.88,1162.06,1188.88,380442900,ok,VNINDEX
57,2022-06-24,1190.82,1196.85,1185.48,1185.48,410876800,ok,VNINDEX
58,2022-06-27,1189.12,1203.51,1187.38,1202.82,429735700,ok,VNINDEX
59,2022-06-28,1202.41,1221.74,1198.99,1218.1,534186600,ok,VNINDEX
60,2022-06-29,1208.22,1219.58,1207.38,1218.09,519299900,ok,VNINDEX
61,2022-06-30,1218.22,1220.51,1197.6,1197.6,471576000,ok,VNINDEX
62,2022-07-01,1193.04,1202.41,1170.95,1198.9,498479000,ok,VNINDEX
63,2022-07-04,1206.47,1208.96,1192.63,1195.53,403314600,ok,VNINDEX
64,2022-07-05,1198.42,1200.99,1181.29,1181.29,559493000,ok,VNINDEX
65,2022-07-06,1167.25,1175.26,1147.63,1149.61,511773800,ok,VNINDEX
66,2022-07-07,1148.97,1166.48,1142.8,1166.48,362816600,ok,VNINDEX
67,2022-07-08,1174.53,1177.18,1164.23,1171.31,437189300,ok,VNINDEX
68,2022-07-11,1161.3,1165.6,1144.55,1155.29,488732000,ok,VNINDEX
69,2022-07-12,1154.31,1174.82,1153.55,1174.82,475429100,ok,VNINDEX
70,2022-07-13,1173.46,1182.21,1170.92,1173.92,522379700,ok,VNINDEX
71,2022-07-14,1170.7,1182.17,1170.04,1182.17,490512400,ok,VNINDEX
72,2022-07-15,1183.15,1189.66,1178.12,1179.25,543854200,ok,VNINDEX
73,2022-07-18,1184.74,1184.93,1174.7,1176.49,480514500,ok,VNINDEX
74,2022-07-19,1176.1,1180.46,1168.99,1178.33,479006800,ok,VNINDEX
75,2022-07-20,1188.12,1198.63,1185.82,1194.14,601098600,ok,VNINDEX
76,2022-07-21,1195.03,1201.91,1194.89,1198.47,500949000,ok,VNINDEX
77,2022-07-22,1199.16,1202.69,1194.76,1194.76,448428100,ok,VNINDEX
78,2022-07-25,1191.43,1198.16,1184.32,1188.5,410066000,ok,VNINDEX
79,2022-07-26,1189.2,1194.15,1184.44,1185.07,388328300,ok,VNINDEX
80,2022-07-27,1180.83,1191.04,1178.58,1191.04,387799200,ok,VNINDEX
81,2022-07-28,1201.77,1214.03,1201.77,1208.12,620546700,ok,VNINDEX
82,2022-07-29,1214.32,1217.84,1206.33,1206.33,537058300,ok,VNINDEX
83,2022-08-01,1209.05,1231.35,1206.46,1231.35,681871300,ok,VNINDEX
84,2022-08-02,1230.31,1241.91,1224.11,1241.62,734388200,ok,VNINDEX
85,2022-08-03,1233.84,1250.2,1232.41,1249.76,702358600,ok,VNINDEX
86,2022-08-04,1252.49,1257.38,1247.38,1254.15,655935800,ok,VNINDEX
87,2022-08-05,1250.25,1253.75,1245.05,1252.74,604391400,ok,VNINDEX
88,2022-08-08,1252.36,1258.84,1252.04,1256.75,634015600,ok,VNINDEX
89,2022-08-09,1260.36,1263.14,1252.84,1258.85,655262300,ok,VNINDEX
90,2022-08-10,1255.69,1260.36,1253.89,1256.5,584384800,ok,VNINDEX
91,2022-08-11,1261.91,1268.03,1245.85,1252.07,765336500,ok,VNINDEX
92,2022-08-12,1250.76,1262.33,1248.65,1262.33,508817800,ok,VNINDEX
93,2022-08-15,1268.56,1274.24,1268.02,1274.2,585580500,ok,VNINDEX
94,2022-08-16,1274.18,1275.93,1271.11,1274.69,572322300,ok,VNINDEX
95,2022-08-17,1276.76,1280.61,1271.97,1275.28,644581600,ok,VNINDEX
96,2022-08-18,1273.45,1283.15,1268.64,1273.66,558424300,ok,VNINDEX
97,2022-08-19,1272.04,1280.0,1263.45,1269.18,568209800,ok,VNINDEX
98,2022-08-22,1268.52,1270.57,1255.83,1260.43,566785900,ok,VNINDEX
99,2022-08-23,1253.45,1270.81,1253.45,1270.81,520796300,ok,VNINDEX
100,2022-08-24,1275.57,1280.36,1272.33,1277.16,519810800,ok,VNINDEX
101,2022-08-25,1279.45,1289.18,1279.45,1288.88,562124700,ok,VNINDEX
102,2022-08-26,1291.29,1295.12,1280.05,1282.57,614354500,ok,VNINDEX
103,2022-08-29,1263.43,1271.56,1249.17,1270.8,793997300,ok,VNINDEX
104,2022-08-30,1271.01,1287.65,1271.01,1279.39,473770000,ok,VNINDEX
105,2022-08-31,1276.65,1285.29,1274.99,1280.51,462420100,ok,VNINDEX
106,2022-09-05,1280.34,1285.7,1275.35,1277.35,466166300,ok,VNINDEX
107,2022-09-06,1279.58,1286.92,1277.4,1277.4,537987600,ok,VNINDEX
108,2022-09-07,1274.68,1275.07,1243.17,1243.17,796593600,ok,VNINDEX
109,2022-09-08,1251.22,1251.36,1234.6,1234.6,557779800,ok,VNINDEX
110,2022-09-09,1241.26,1248.78,1228.54,1248.78,542039800,ok,VNINDEX
111,2022-09-12,1255.16,1257.8,1248.97,1249.62,390724400,ok,VNINDEX
112,2022-09-13,1251.1,1252.35,1243.87,1248.4,410707400,ok,VNINDEX
113,2022-09-14,1229.76,1242.17,1228.51,1240.77,574337900,ok,VNINDEX
114,2022-09-15,1246.92,1250.93,1243.45,1245.66,385727500,ok,VNINDEX
115,2022-09-16,1243.15,1246.17,1230.37,1234.03,594453000,ok,VNINDEX
116,2022-09-19,1231.8,1233.46,1202.07,1205.43,641804000,ok,VNINDEX
117,2022-09-20,1212.08,1218.93,1199.71,1218.93,412723400,ok,VNINDEX
118,2022-09-21,1213.2,1217.28,1204.68,1210.55,325527500,ok,VNINDEX
119,2022-09-22,1200.34,1214.7,1196.64,1214.7,435982100,ok,VNINDEX
120,2022-09-23,1214.81,1216.59,1201.45,1203.28,443208000,ok,VNINDEX
121,2022-09-26,1186.41,1190.27,1159.12,1174.35,701894100,ok,VNINDEX
122,2022-09-27,1177.66,1180.75,1166.44,1166.54,415135800,ok,VNINDEX
123,2022-09-28,1158.6,1162.6,1142.79,1143.62,496730000,ok,VNINDEX
124,2022-09-29,1149.78,1159.49,1126.07,1126.07,415993300,ok,VNINDEX
125,2022-09-30,1116.11,1135.47,1099.44,1132.11,612447100,ok,VNINDEX
126,2022-10-03,1124.46,1126.46,1079.86,1086.44,501911900,ok,VNINDEX
127,2022-10-04,1095.73,1100.42,1069.74,1078.14,513862500,ok,VNINDEX
128,2022-10-05,1092.08,1110.21,1092.08,1104.26,396842100,ok,VNINDEX
129,2022-10-06,1105.31,1106.97,1072.57,1074.52,499954800,ok,VNINDEX
130,2022-10-07,1060.58,1062.23,1022.38,1035.91,788668100,ok,VNINDEX
131,2022-10-10,1022.22,1051.02,1012.94,1042.48,541876100,ok,VNINDEX
132,2022-10-11,1036.48,1036.48,998.64,1006.2,580908400,ok,VNINDEX
133,2022-10-12,1006.74,1039.44,1002.89,1034.81,532825500,ok,VNINDEX
134,2022-10-13,1034.48,1050.99,1025.04,1050.99,402643700,ok,VNINDEX
135,2022-10-14,1063.07,1068.12,1055.29,1061.85,506303900,ok,VNINDEX
136,2022-10-17,1053.64,1054.05,1033.59,1051.58,435723100,ok,VNINDEX
137,2022-10-18,1065.6,1071.74,1057.71,1063.66,466433900,ok,VNINDEX
138,2022-10-19,1065.24,1065.99,1052.29,1060.07,345418600,ok,VNINDEX
139,2022-10-20,1056.14,1065.28,1048.21,1058.45,352502000,ok,VNINDEX
140,2022-10-21,1059.09,1059.09,1013.69,1019.82,642204900,ok,VNINDEX
141,2022-10-24,1019.84,1023.51,977.41,986.15,547149700,ok,VNINDEX
142,2022-10-25,980.47,1011.39,962.45,997.7,670274300,ok,VNINDEX
143,2022-10-26,1000.74,1004.55,984.71,993.36,352376800,ok,VNINDEX
144,2022-10-27,994.82,1028.01,990.48,1028.01,572328800,ok,VNINDEX
145,2022-10-28,1036.27,1044.57,1026.53,1027.36,515678600,ok,VNINDEX
146,2022-10-31,1028.24,1030.32,1005.0,1027.94,581502900,ok,VNINDEX
147,2022-11-01,1029.05,1043.53,1027.39,1033.75,575844000,ok,VNINDEX
148,2022-11-02,1033.04,1034.73,1018.64,1023.19,488346900,ok,VNINDEX
149,2022-11-03,1011.41,1023.95,1010.65,1019.81,404442900,ok,VNINDEX
150,2022-11-04,1008.23,1009.96,974.61,997.15,694725300,ok,VNINDEX
151,2022-11-07,991.01,996.18,969.61,975.19,534028100,ok,VNINDEX
152,2022-11-08,960.93,981.86,956.97,981.65,542477500,ok,VNINDEX
153,2022-11-09,983.36,994.79,977.93,985.59,466326400,ok,VNINDEX
154,2022-11-10,975.97,976.31,935.78,947.24,637622500,ok,VNINDEX
155,2022-11-11,954.95,966.7,949.49,954.53,646268900,ok,VNINDEX
156,2022-11-14,939.94,945.29,923.53,941.04,599309300,ok,VNINDEX
157,2022-11-15,925.86,929.06,900.17,911.9,589099000,ok,VNINDEX
158,2022-11-16,876.0,945.42,873.78,942.9,934066100,ok,VNINDEX
159,2022-11-17,952.91,972.88,950.9,969.26,589567300,ok,VNINDEX
160,2022-11-18,968.05,971.77,939.73,969.33,833798300,ok,VNINDEX
161,2022-11-21,972.17,973.19,956.77,960.65,522726700,ok,VNINDEX
162,2022-11-22,953.78,985.28,948.52,952.12,978732600,ok,VNINDEX
163,2022-11-23,947.44,958.61,942.02,946.0,488928200,ok,VNINDEX
164,2022-11-24,942.86,950.03,934.31,947.71,482211800,ok,VNINDEX
165,2022-11-25,955.58,971.46,955.53,971.46,554366400,ok,VNINDEX
166,2022-11-28,979.68,1006.22,979.48,1005.69,872397100,ok,VNINDEX
167,2022-11-29,1008.85,1032.16,998.56,1032.16,1101690200,ok,VNINDEX
168,2022-11-30,1037.44,1048.42,1021.54,1048.42,956511200,ok,VNINDEX
169,2022-12-01,1057.72,1066.28,1035.62,1036.28,1263330500,ok,VNINDEX
170,2022-12-02,1032.75,1080.01,1030.81,1080.01,1014241900,ok,VNINDEX
171,2022-12-05,1090.97,1099.45,1082.59,1093.67,1112166800,ok,VNINDEX
172,2022-12-06,1088.9,1090.64,1048.69,1048.69,1356936200,ok,VNINDEX
173,2022-12-07,1046.72,1059.79,1034.92,1041.02,827948300,ok,VNINDEX
174,2022-12-08,1055.21,1078.09,1045.98,1050.53,873712400,ok,VNINDEX
175,2022-12-09,1056.85,1061.21,1041.39,1051.81,725636400,ok,VNINDEX
176,2022-12-12,1059.55,1065.16,1032.07,1032.07,808782100,ok,VNINDEX
177,2022-12-13,1035.76,1047.45,1026.3,1047.45,735828900,ok,VNINDEX
178,2022-12-14,1062.18,1062.18,1046.43,1050.43,667860400,ok,VNINDEX
179,2022-12-15,1049.16,1062.61,1049.06,1055.32,665769400,ok,VNINDEX
180,2022-12-16,1048.62,1064.79,1047.16,1052.48,790237300,ok,VNINDEX
181,2022-12-19,1053.91,1065.59,1038.4,1038.4,852324700,ok,VNINDEX
182,2022-12-20,1035.82,1038.74,1010.08,1023.13,954038800,ok,VNINDEX
183,2022-12-21,1033.34,1033.84,1005.43,1018.88,703570400,ok,VNINDEX
184,2022-12-22,1026.49,1033.18,1016.54,1022.61,531712600,ok,VNINDEX
185,2022-12-23,1023.92,1027.34,1013.2,1020.34,423823400,ok,VNINDEX
186,2022-12-26,1019.66,1021.89,985.21,985.21,566850100,ok,VNINDEX
187,2022-12-27,986.07,1007.88,984.39,1004.57,507205800,ok,VNINDEX
188,2022-12-28,1008.81,1020.52,998.97,1015.66,392271900,ok,VNINDEX
189,2022-12-29,1015.39,1021.96,1009.29,1009.29,371300500,ok,VNINDEX
190,2022-12-30,1017.25,1017.99,1007.09,1007.09,344378600,ok,VNINDEX
191,2023-01-03,1011.39,1043.9,1011.38,1043.9,518145400,ok,VNINDEX
192,2023-01-04,1047.91,1052.6,1041.56,1046.35,566957000,ok,VNINDEX
193,2023-01-05,1048.17,1058.14,1046.64,1055.82,496500700,ok,VNINDEX
194,2023-01-06,1055.46,1065.58,1047.26,1051.44,614634000,ok,VNINDEX
195,2023-01-09,1058.28,1062.12,1050.95,1054.21,386345500,ok,VNINDEX
196,2023-01-10,1054.84,1057.44,1045.75,1053.35,423409900,ok,VNINDEX
197,2023-01-11,1058.25,1065.69,1054.53,1055.76,508219700,ok,VNINDEX
198,2023-01-12,1058.51,1060.97,1050.27,1056.39,384586100,ok,VNINDEX
199,2023-01-13,1060.96,1066.39,1055.23,1060.17,475699700,ok,VNINDEX
200,2023-01-16,1062.27,1067.74,1057.87,1066.68,408111100,ok,VNINDEX
201,2023-01-17,1067.6,1088.29,1067.6,1088.29,592759400,ok,VNINDEX
202,2023-01-18,1092.5,1100.39,1089.56,1098.28,553782600,ok,VNINDEX
203,2023-01-19,1098.28,1111.72,1094.46,1108.08,578271400,ok,VNINDEX
204,2023-01-27,1114.58,1124.3,1111.41,1117.1,571615000,ok,VNINDEX
205,2023-01-30,1117.31,1118.46,1102.57,1102.57,751461500,ok,VNINDEX
206,2023-01-31,1100.87,1111.18,1088.25,1111.18,653586100,ok,VNINDEX
207,2023-02-01,1114.26,1116.96,1075.97,1075.97,974095400,ok,VNINDEX
208,2023-02-02,1079.64,1083.36,1070.81,1077.59,592697500,ok,VNINDEX
209,2023-02-03,1078.8,1081.89,1070.46,1077.15,506090100,ok,VNINDEX
210,2023-02-06,1077.14,1089.29,1067.24,1089.29,415388100,ok,VNINDEX
211,2023-02-07,1089.43,1092.12,1065.18,1065.84,594951800,ok,VNINDEX
212,2023-02-08,1067.58,1079.51,1063.5,1072.22,480268400,ok,VNINDEX
213,2023-02-09,1070.07,1075.2,1064.03,1064.03,383279200,ok,VNINDEX
214,2023-02-10,1066.11,1066.28,1054.08,1055.3,405865100,ok,VNINDEX
215,2023-02-13,1050.7,1054.05,1031.7,1043.7,603924900,ok,VNINDEX
216,2023-02-14,1045.14,1046.64,1032.76,1038.64,338496800,ok,VNINDEX
217,2023-02-15,1037.17,1051.89,1034.39,1048.2,494079200,ok,VNINDEX
218,2023-02-16,1051.16,1058.29,1047.45,1058.29,410294000,ok,VNINDEX
219,2023-02-17,1058.99,1062.25,1053.26,1059.31,429221700,ok,VNINDEX
220,2023-02-20,1059.74,1088.01,1059.56,1086.69,632141800,ok,VNINDEX
221,2023-02-21,1089.74,1095.1,1081.8,1082.23,654784700,ok,VNINDEX
222,2023-02-22,1073.62,1079.72,1054.28,1054.28,766700800,ok,VNINDEX
223,2023-02-23,1053.95,1054.48,1030.58,1053.66,635726600,ok,VNINDEX
224,2023-02-24,1051.58,1052.49,1034.66,1039.56,397316800,ok,VNINDEX
225,2023-02-27,1029.55,1031.59,1017.55,1021.25,513919000,ok,VNINDEX
226,2023-02-28,1027.74,1034.36,1018.72,1024.68,361724100,ok,VNINDEX
227,2023-03-01,1023.29,1040.55,1013.37,1040.55,468712200,ok,VNINDEX
228,2023-03-02,1039.0,1043.8,1033.07,1037.61,323479600,ok,VNINDEX
229,2023-03-03,1038.1,1041.82,1022.78,1024.77,384762000,ok,VNINDEX
230,2023-03-06,1032.68,1042.43,1026.73,1027.18,390065700,ok,VNINDEX
231,2023-03-07,1034.62,1043.92,1033.32,1037.84,424641600,ok,VNINDEX
232,2023-03-08,1028.62,1049.18,1027.8,1049.18,480649600,ok,VNINDEX
233,2023-03-09,1050.65,1060.56,1049.45,1055.95,557648200,ok,VNINDEX
234,2023-03-10,1051.68,1053.86,1046.31,1053.0,456782100,ok,VNINDEX
235,2023-03-13,1046.95,1055.58,1045.46,1052.8,524575300,ok,VNINDEX
236,2023-03-14,1049.44,1051.56,1034.72,1040.13,559130000,ok,VNINDEX
237,2023-03-15,1052.06,1062.55,1043.82,1062.19,549186800,ok,VNINDEX
238,2023-03-16,1056.15,1058.73,1043.65,1047.4,464145200,ok,VNINDEX
239,2023-03-17,1053.47,1055.42,1043.54,1045.14,491829800,ok,VNINDEX
240,2023-03-20,1041.91,1042.6,1022.71,1023.1,476089300,ok,VNINDEX
241,2023-03-21,1027.56,1036.15,1017.05,1032.43,381502100,ok,VNINDEX
242,2023-03-22,1032.6,1042.84,1032.6,1040.54,382708900,ok,VNINDEX
243,2023-03-23,1035.44,1045.1,1030.93,1045.1,369605000,ok,VNINDEX
244,2023-03-24,1047.1,1052.29,1044.02,1046.79,506946000,ok,VNINDEX
245,2023-03-27,1047.78,1053.78,1041.99,1052.25,510473100,ok,VNINDEX
246,2023-03-28,1055.82,1059.83,1051.75,1054.29,583110300,ok,VNINDEX
247,2023-03-29,1055.75,1056.33,1048.26,1056.33,415123800,ok,VNINDEX
248,2023-03-30,1061.32,1066.23,1056.33,1059.44,555220700,ok,VNINDEX
249,2023-03-31,1059.79,1067.55,1059.79,1064.64,574243800,ok,VNINDEX
250,2023-04-03,1071.6,1079.28,1071.6,1079.28,778917800,ok,VNINDEX
251,2023-04-04,1081.43,1082.21,1075.1,1078.45,746158000,ok,VNINDEX
252,2023-04-05,1079.06,1080.86,1074.1,1080.86,706897700,ok,VNINDEX
253,2023-04-06,1083.07,1084.52,1070.91,1070.91,955351800,ok,VNINDEX
254,2023-04-07,1071.22,1072.94,1063.7,1069.71,600601100,ok,VNINDEX
255,2023-04-10,1073.86,1075.54,1063.45,1065.35,789212200,ok,VNINDEX
256,2023-04-11,1063.78,1070.56,1056.9,1069.46,642643100,ok,VNINDEX
257,2023-04-12,1071.61,1072.7,1066.43,1069.45,660883000,ok,VNINDEX
258,2023-04-13,1070.48,1070.96,1062.26,1064.3,595747700,ok,VNINDEX
259,2023-04-14,1067.21,1068.79,1052.89,1052.89,724480200,ok,VNINDEX
260,2023-04-17,1052.78,1054.72,1049.11,1053.81,406570600,ok,VNINDEX
261,2023-04-18,1055.65,1057.15,1050.89,1055.02,494431200,ok,VNINDEX
262,2023-04-19,1058.03,1058.14,1047.47,1048.98,496274700,ok,VNINDEX
263,2023-04-20,1049.87,1051.86,1045.85,1049.25,332580000,ok,VNINDEX
264,2023-04-21,1050.1,1050.4,1041.26,1042.91,512429100,ok,VNINDEX
265,2023-04-24,1045.28,1047.18,1038.36,1041.36,451137200,ok,VNINDEX
266,2023-04-25,1045.87,1045.87,1032.49,1034.85,485690900,ok,VNINDEX
267,2023-04-26,1034.18,1040.8,1029.19,1040.8,431573300,ok,VNINDEX
268,2023-04-27,1041.39,1044.25,1037.62,1039.63,466451200,ok,VNINDEX
269,2023-04-28,1043.17,1049.12,1039.63,1049.12,571699400,ok,VNINDEX
270,2023-05-04,1046.05,1048.13,1038.18,1040.61,571590000,ok,VNINDEX
271,2023-05-05,1040.12,1043.22,1036.69,1040.31,439888400,ok,VNINDEX
272,2023-05-08,1043.48,1053.44,1043.44,1053.44,591247600,ok,VNINDEX
273,2023-05-09,1055.42,1058.71,1052.68,1053.77,502515300,ok,VNINDEX
274,2023-05-10,1055.62,1058.67,1053.34,1058.26,650680600,ok,VNINDEX
275,2023-05-11,1061.07,1063.69,1056.72,1057.12,681482900,ok,VNINDEX
276,2023-05-12,1057.58,1066.9,1053.97,1066.9,688543800,ok,VNINDEX
277,2023-05-15,1074.82,1076.32,1067.15,1065.71,791524900,ok,VNINDEX
278,2023-05-16,1068.51,1069.27,1063.65,1065.91,592131700,ok,VNINDEX
279,2023-05-17,1066.13,1069.95,1060.44,1060.44,762187700,ok,VNINDEX
280,2023-05-18,1063.66,1073.41,1060.44,1068.31,590882500,ok,VNINDEX
281,2023-05-19,1070.13,1070.15,1058.56,1067.07,661637200,ok,VNINDEX
282,2023-05-22,1068.25,1070.64,1065.88,1070.64,634063400,ok,VNINDEX
283,2023-05-23,1073.12,1073.96,1062.15,1065.85,668600300,ok,VNINDEX
284,2023-05-24,1069.49,1069.61,1060.6,1061.79,682648400,ok,VNINDEX
285,2023-05-25,1062.03,1065.5,1057.91,1064.63,614115100,ok,VNINDEX
286,2023-05-26,1066.72,1067.28,1063.76,1063.76,595849900,ok,VNINDEX
287,2023-05-29,1066.34,1077.18,1066.34,1074.98,738474500,ok,VNINDEX
288,2023-05-30,1078.82,1079.31,1071.01,1078.05,816002500,ok,VNINDEX
289,2023-05-31,1078.16,1079.11,1071.38,1075.17,861773100,ok,VNINDEX
290,2023-06-01,1076.5,1078.39,1071.61,1078.39,820193400,ok,VNINDEX
291,2023-06-02,1084.19,1092.24,1083.36,1090.84,973372400,ok,VNINDEX
292,2023-06-05,1099.66,1103.81,1096.76,1097.82,893972900,ok,VNINDEX
293,2023-06-06,1098.8,1108.31,1098.28,1108.31,782675900,ok,VNINDEX
294,2023-06-07,1110.79,1112.28,1104.26,1109.54,930395400,ok,VNINDEX
295,2023-06-08,1111.73,1115.14,1101.32,1101.32,1211637500,ok,VNINDEX
296,2023-06-09,1103.01,1107.53,1097.23,1107.53,839731400,ok,VNINDEX
297,2023-06-12,1110.26,1116.02,1100.08,1116.02,726269400,ok,VNINDEX
298,2023-06-13,1117.33,1122.46,1116.1,1122.46,870411600,ok,VNINDEX
299,2023-06-14,1124.56,1129.49,1117.42,1117.42,845985500,ok,VNINDEX
300,2023-06-15,1116.99,1120.13,1112.11,1116.97,675615200,ok,VNINDEX
301,2023-06-16,1117.08,1128.92,1112.51,1115.22,1075388700,ok,VNINDEX
302,2023-06-19,1115.59,1117.23,1104.73,1105.4,723615800,ok,VNINDEX
303,2023-06-20,1105.75,1111.72,1102.58,1111.72,593021300,ok,VNINDEX
304,2023-06-21,1112.73,1118.46,1110.65,1118.46,800466000,ok,VNINDEX
305,2023-06-22,1126.21,1127.54,1122.27,1125.3,828954300,ok,VNINDEX
306,2023-06-23,1126.4,1130.61,1122.62,1129.38,857067500,ok,VNINDEX
307,2023-06-26,1130.08,1134.0,1119.95,1132.03,955006800,ok,VNINDEX
308,2023-06-27,1134.36,1136.49,1128.82,1134.33,641633700,ok,VNINDEX
309,2023-06-28,1135.78,1140.56,1131.86,1138.35,772870700,ok,VNINDEX
310,2023-06-29,1139.42,1140.43,1125.39,1125.39,839096000,ok,VNINDEX
311,2023-06-30,1125.32,1126.33,1120.01,1120.18,543467000,ok,VNINDEX
312,2023-07-03,1124.96,1128.35,1121.17,1125.5,502324200,ok,VNINDEX
313,2023-07-04,1127.15,1132.12,1123.49,1132.0,638567700,ok,VNINDEX
314,2023-07-05,1136.64,1138.67,1133.45,1134.62,744832500,ok,VNINDEX
315,2023-07-06,1134.49,1135.81,1122.35,1126.22,870574400,ok,VNINDEX
316,2023-07-07,1124.98,1138.07,1122.94,1138.07,713850500,ok,VNINDEX
317,2023-07-10,1142.76,1149.02,1140.03,1149.02,814696500,ok,VNINDEX
318,2023-07-11,1149.38,1157.01,1149.38,1151.77,851005600,ok,VNINDEX
319,2023-07-12,1153.72,1157.43,1149.28,1154.2,696536100,ok,VNINDEX
320,2023-07-13,1159.75,1165.42,1158.15,1165.42,760650800,ok,VNINDEX
321,2023-07-14,1169.2,1169.84,1156.28,1168.4,973749100,ok,VNINDEX
322,2023-07-17,1171.75,1174.89,1168.4,1173.13,851144600,ok,VNINDEX
323,2023-07-18,1173.15,1175.7,1170.04,1174.09,755379600,ok,VNINDEX
324,2023-07-19,1177.5,1178.55,1172.98,1172.98,798154200,ok,VNINDEX
325,2023-07-20,1171.83,1174.39,1166.62,1172.81,739529900,ok,VNINDEX
326,2023-07-21,1173.21,1185.9,1172.07,1185.9,896244200,ok,VNINDEX
327,2023-07-24,1190.77,1193.22,1183.39,1190.72,988720500,ok,VNINDEX
328,2023-07-25,1194.45,1199.27,1193.34,1195.9,918186800,ok,VNINDEX
329,2023-07-26,1196.33,1200.84,1195.44,1200.84,848117200,ok,VNINDEX
330,2023-07-27,1201.69,1203.69,1191.08,1197.33,1078942000,ok,VNINDEX
331,2023-07-28,1197.58,1207.67,1195.86,1207.67,1045384000,ok,VNINDEX
332,2023-07-31,1219.66,1224.81,1212.81,1222.9,1122987500,ok,VNINDEX
333,2023-08-01,1230.32,1234.5,1217.56,1217.56,1206705300,ok,VNINDEX
334,2023-08-02,1216.68,1223.04,1213.18,1220.43,849434300,ok,VNINDEX
335,2023-08-03,1219.73,1222.35,1209.06,1210.95,978923300,ok,VNINDEX
336,2023-08-04,1216.27,1228.12,1214.17,1225.98,1086883100,ok,VNINDEX
337,2023-08-07,1233.1,1241.42,1230.38,1241.42,1114331800,ok,VNINDEX
338,2023-08-08,1243.38,1246.22,1239.01,1242.23,1115494500,ok,VNINDEX
339,2023-08-09,1240.71,1241.96,1231.28,1233.99,1011321100,ok,VNINDEX
340,2023-08-10,1236.51,1238.19,1220.61,1220.61,982441100,ok,VNINDEX
341,2023-08-11,1228.78,1232.21,1213.37,1232.21,983635900,ok,VNINDEX
342,2023-08-14,1237.14,1239.61,1229.34,1236.84,1032952400,ok,VNINDEX
343,2023-08-15,1239.42,1239.42,1230.58,1234.05,850306500,ok,VNINDEX
344,2023-08-16,1239.95,1243.48,1235.27,1243.26,865531300,ok,VNINDEX
345,2023-08-17,1242.58,1243.98,1233.48,1233.48,1050181000,ok,VNINDEX
346,2023-08-18,1227.18,1228.98,1177.74,1177.99,1583022900,ok,VNINDEX
347,2023-08-21,1178.39,1188.16,1164.63,1179.76,1000968600,ok,VNINDEX
348,2023-08-22,1183.92,1184.43,1149.13,1180.49,979999200,ok,VNINDEX
349,2023-08-23,1193.32,1193.79,1168.89,1172.56,653730100,ok,VNINDEX
350,2023-08-24,1175.2,1189.99,1171.33,1189.39,790038300,ok,VNINDEX
351,2023-08-25,1189.37,1192.59,1181.6,1183.37,812317900,ok,VNINDEX
352,2023-08-28,1189.87,1202.02,1189.43,1201.72,763534500,ok,VNINDEX
353,2023-08-29,1204.76,1208.78,1197.57,1204.43,904324000,ok,VNINDEX
354,2023-08-30,1206.1,1213.52,1203.51,1213.16,864559000,ok,VNINDEX
355,2023-08-31,1214.32,1224.84,1214.32,1224.05,887111900,ok,VNINDEX
356,2023-09-05,1231.65,1236.21,1228.7,1234.98,983260400,ok,VNINDEX
357,2023-09-06,1237.42,1245.5,1229.89,1245.5,1067480700,ok,VNINDEX
358,2023-09-07,1247.07,1255.11,1240.82,1243.14,1099761600,ok,VNINDEX
359,2023-09-08,1241.93,1248.1,1240.15,1241.48,973560500,ok,VNINDEX
360,2023-09-11,1245.58,1251.37,1223.33,1223.63,1222447000,ok,VNINDEX
361,2023-09-12,1223.55,1245.44,1220.85,1245.44,880808100,ok,VNINDEX
362,2023-09-13,1249.06,1250.61,1232.84,1238.39,1136967200,ok,VNINDEX
363,2023-09-14,1238.21,1244.21,1223.03,1223.81,1159894000,ok,VNINDEX
364,2023-09-15,1225.9,1233.87,1220.27,1227.36,868066900,ok,VNINDEX
365,2023-09-18,1225.6,1227.36,1203.88,1211.81,762110800,ok,VNINDEX
366,2023-09-19,1215.96,1219.57,1199.85,1211.5,880971700,ok,VNINDEX
367,2023-09-20,1212.76,1226.11,1209.46,1226.11,763034400,ok,VNINDEX
368,2023-09-21,1227.28,1227.88,1211.65,1212.74,923870000,ok,VNINDEX
369,2023-09-22,1197.49,1205.41,1174.57,1193.05,1317432800,ok,VNINDEX
370,2023-09-25,1190.58,1195.62,1153.2,1153.2,916538500,ok,VNINDEX
371,2023-09-26,1150.94,1163.52,1137.96,1137.96,957913900,ok,VNINDEX
372,2023-09-27,1139.65,1153.85,1126.36,1153.85,777264400,ok,VNINDEX
373,2023-09-28,1153.78,1155.39,1136.99,1152.43,649062500,ok,VNINDEX
374,2023-09-29,1157.76,1163.88,1152.43,1154.15,535931100,ok,VNINDEX
375,2023-10-02,1155.36,1161.48,1149.63,1155.25,465546100,ok,VNINDEX
376,2023-10-03,1145.94,1146.59,1117.28,1118.1,940147700,ok,VNINDEX
377,2023-10-04,1113.25,1133.79,1106.4,1128.67,646114500,ok,VNINDEX
378,2023-10-05,1131.29,1133.12,1113.89,1113.89,556516000,ok,VNINDEX
379,2023-10-06,1115.13,1129.13,1107.4,1128.54,586082400,ok,VNINDEX
380,2023-10-09,1130.38,1137.36,1127.03,1137.36,545012000,ok,VNINDEX
381,2023-10-10,1140.83,1150.34,1140.83,1143.69,627950000,ok,VNINDEX
382,2023-10-11,1146.08,1150.81,1138.22,1150.81,496702300,ok,VNINDEX
383,2023-10-12,1151.81,1156.73,1148.11,1151.61,619607000,ok,VNINDEX
384,2023-10-13,1144.5,1155.1,1138.99,1154.73,593801400,ok,VNINDEX
385,2023-10-16,1154.87,1157.46,1140.64,1141.42,622999800,ok,VNINDEX
386,2023-10-17,1145.34,1147.89,1121.65,1121.65,566555000,ok,VNINDEX
387,2023-10-18,1123.58,1125.27,1088.87,1103.4,913483700,ok,VNINDEX
388,2023-10-19,1104.03,1104.03,1087.85,1087.85,615746700,ok,VNINDEX
389,2023-10-20,1087.73,1108.16,1073.73,1108.03,592527800,ok,VNINDEX
390,2023-10-23,1106.38,1106.8,1086.54,1093.53,500482000,ok,VNINDEX
391,2023-10-24,1094.77,1107.3,1088.17,1105.9,443128900,ok,VNINDEX
392,2023-10-25,1106.1,1111.39,1100.64,1101.66,482997000,ok,VNINDEX
393,2023-10-26,1081.21,1083.22,1049.71,1055.45,1129481400,ok,VNINDEX
394,2023-10-27,1059.41,1061.87,1037.46,1060.62,638920300,ok,VNINDEX
395,2023-10-30,1054.03,1060.62,1042.4,1042.4,465837000,ok,VNINDEX
396,2023-10-31,1045.6,1046.17,1025.03,1028.19,705940300,ok,VNINDEX
397,2023-11-01,1029.0,1039.66,1020.01,1039.66,603502200,ok,VNINDEX
398,2023-11-02,1048.62,1075.47,1039.86,1075.47,735677500,ok,VNINDEX
399,2023-11-03,1081.35,1082.23,1071.11,1076.78,703784300,ok,VNINDEX
400,2023-11-06,1082.21,1089.66,1076.78,1089.66,571437300,ok,VNINDEX
401,2023-11-07,1086.68,1089.89,1079.42,1080.29,535907500,ok,VNINDEX
402,2023-11-08,1079.14,1113.43,1075.8,1113.43,886220500,ok,VNINDEX
403,2023-11-09,1116.42,1124.78,1112.13,1113.89,996860000,ok,VNINDEX
404,2023-11-10,1105.75,1116.02,1101.23,1101.68,945389300,ok,VNINDEX
405,2023-11-13,1103.66,1107.91,1093.19,1100.07,730190300,ok,VNINDEX
406,2023-11-14,1109.08,1115.6,1101.67,1109.73,766022100,ok,VNINDEX
407,2023-11-15,1124.56,1132.75,1118.74,1122.5,882296600,ok,VNINDEX
408,2023-11-16,1119.81,1125.53,1114.97,1125.53,605124900,ok,VNINDEX
409,2023-11-17,1127.92,1129.84,1096.16,1101.19,1175535600,ok,VNINDEX
410,2023-11-20,1089.99,1111.26,1085.32,1103.66,750883200,ok,VNINDEX
411,2023-11-21,1104.52,1112.77,1103.79,1110.46,601828500,ok,VNINDEX
412,2023-11-22,1111.35,1115.47,1103.26,1113.82,812231500,ok,VNINDEX
413,2023-11-23,1116.32,1118.54,1088.49,1088.49,952327300,ok,VNINDEX
414,2023-11-24,1090.72,1095.61,1073.31,1095.61,900833700,ok,VNINDEX
415,2023-11-27,1095.59,1096.84,1085.69,1088.06,507177400,ok,VNINDEX
416,2023-11-28,1088.54,1095.43,1076.45,1095.43,593255200,ok,VNINDEX
417,2023-11-29,1097.28,1105.28,1095.43,1102.8,562813100,ok,VNINDEX
418,2023-11-30,1101.75,1107.45,1094.13,1094.13,659979600,ok,VNINDEX
419,2023-12-01,1099.18,1102.2,1090.08,1102.16,569333300,ok,VNINDEX
420,2023-12-04,1107.74,1123.96,1102.16,1120.49,1038038200,ok,VNINDEX
421,2023-12-05,1122.28,1124.11,1113.55,1115.97,753445900,ok,VNINDEX
422,2023-12-06,1118.06,1126.43,1115.97,1126.43,776768800,ok,VNINDEX
423,2023-12-07,1127.52,1129.83,1109.51,1121.49,1298392700,ok,VNINDEX
424,2023-12-08,1121.78,1127.46,1119.43,1124.44,737605100,ok,VNINDEX
425,2023-12-11,1127.92,1129.15,1120.32,1125.5,618307400,ok,VNINDEX
426,2023-12-12,1127.85,1129.77,1123.35,1127.63,539184200,ok,VNINDEX
427,2023-12-13,1130.19,1131.21,1112.08,1114.2,763977100,ok,VNINDEX
428,2023-12-14,1118.14,1120.36,1107.86,1110.13,603922700,ok,VNINDEX
429,2023-12-15,1109.36,1112.79,1102.3,1102.3,684449900,ok,VNINDEX
430,2023-12-18,1103.36,1103.74,1091.45,1091.88,544297600,ok,VNINDEX
431,2023-12-19,1091.9,1096.3,1082.29,1096.3,561157600,ok,VNINDEX
432,2023-12-20,1097.62,1102.27,1093.38,1100.76,470483400,ok,VNINDEX
433,2023-12-21,1096.22,1102.43,1094.47,1102.43,451416900,ok,VNINDEX
434,2023-12-22,1102.23,1104.65,1099.32,1103.06,496287600,ok,VNINDEX
435,2023-12-25,1104.46,1118.31,1104.27,1117.66,550839600,ok,VNINDEX
436,2023-12-26,1118.3,1123.11,1117.93,1122.25,575288900,ok,VNINDEX
437,2023-12-27,1123.49,1126.47,1121.99,1121.99,570737700,ok,VNINDEX
438,2023-12-28,1122.77,1130.58,1120.5,1128.93,608466000,ok,VNINDEX
439,2023-12-29,1131.68,1135.05,1129.93,1129.93,616484900,ok,VNINDEX
440,2024-01-02,1138.01,1139.71,1128.69,1131.72,777337200,ok,VNINDEX
441,2024-01-03,1131.97,1144.17,1128.32,1144.17,657568100,ok,VNINDEX
442,2024-01-04,1145.49,1160.08,1144.17,1150.72,1141608900,ok,VNINDEX
443,2024-01-05,1151.43,1155.84,1149.08,1154.68,760282600,ok,VNINDEX
444,2024-01-08,1157.54,1162.56,1155.48,1160.19,814410600,ok,VNINDEX
445,2024-01-09,1161.45,1162.83,1155.46,1158.59,799457700,ok,VNINDEX
446,2024-01-10,1158.82,1166.1,1155.94,1161.54,935719400,ok,VNINDEX
447,2024-01-11,1162.49,1169.1,1157.43,1162.22,782237200,ok,VNINDEX
448,2024-01-12,1159.25,1161.91,1146.75,1154.7,1037940400,ok,VNINDEX
449,2024-01-15,1158.33,1163.75,1154.12,1154.12,559640600,ok,VNINDEX
450,2024-01-16,1149.93,1163.12,1147.71,1163.12,570974600,ok,VNINDEX
451,2024-01-17,1161.95,1168.46,1160.45,1162.53,694094400,ok,VNINDEX
452,2024-01-18,1164.35,1169.73,1162.62,1169.06,569563600,ok,VNINDEX
453,2024-01-19,1171.5,1181.5,1169.06,1181.5,630781700,ok,VNINDEX
454,2024-01-22,1185.6,1186.96,1175.54,1182.86,770796000,ok,VNINDEX
455,2024-01-23,1184.13,1184.74,1173.78,1177.5,600595700,ok,VNINDEX
456,2024-01-24,1175.58,1180.3,1172.0,1172.97,644055900,ok,VNINDEX
457,2024-01-25,1173.7,1173.83,1168.5,1170.37,480699500,ok,VNINDEX
458,2024-01-26,1173.26,1176.76,1173.26,1175.67,498217000,ok,VNINDEX
459,2024-01-29,1177.23,1180.46,1174.88,1175.69,552811300,ok,VNINDEX
460,2024-01-30,1175.97,1179.92,1174.13,1179.65,564656400,ok,VNINDEX
461,2024-01-31,1181.81,1182.53,1163.13,1164.31,1022547900,ok,VNINDEX
462,2024-02-01,1162.6,1174.5,1162.45,1173.02,578639500,ok,VNINDEX
463,2024-02-02,1174.25,1178.27,1169.7,1172.55,790756000,ok,VNINDEX
464,2024-02-05,1174.41,1188.45,1173.54,1186.06,769953100,ok,VNINDEX
465,2024-02-06,1188.22,1190.92,1185.68,1188.48,566198900,ok,VNINDEX
466,2024-02-07,1190.68,1199.52,1190.5,1198.53,664714300,ok,VNINDEX
467,2024-02-15,1203.08,1207.56,1198.53,1202.5,843733100,ok,VNINDEX
468,2024-02-16,1205.3,1210.25,1204.29,1209.7,783875500,ok,VNINDEX
469,2024-02-19,1213.38,1225.48,1212.58,1224.97,975154800,ok,VNINDEX
470,2024-02-20,1228.08,1230.47,1222.66,1230.06,843779800,ok,VNINDEX
471,2024-02-21,1231.5,1234.22,1222.92,1230.04,886110400,ok,VNINDEX
472,2024-02-22,1230.65,1232.09,1226.15,1227.31,795021800,ok,VNINDEX
473,2024-02-23,1228.21,1240.81,1211.55,1212.0,1245742100,ok,VNINDEX
474,2024-02-26,1213.65,1225.21,1210.52,1224.17,834749900,ok,VNINDEX
475,2024-02-27,1228.98,1237.6,1226.49,1237.46,916784900,ok,VNINDEX
476,2024-02-28,1242.06,1254.55,1236.32,1254.55,899523200,ok,VNINDEX
477,2024-02-29,1257.56,1264.39,1247.7,1252.73,1012951600,ok,VNINDEX
478,2024-03-01,1256.72,1258.76,1247.87,1258.28,890614800,ok,VNINDEX
479,2024-03-04,1264.07,1268.25,1256.54,1261.41,1060738400,ok,VNINDEX
480,2024-03-05,1262.89,1269.98,1257.81,1269.98,927988200,ok,VNINDEX
481,2024-03-06,1270.05,1277.51,1256.3,1262.73,1001224394,ok,VNINDEX
482,2024-03-07,1263.51,1269.88,1260.24,1268.46,948074000,ok,VNINDEX
483,2024-03-08,1270.14,1274.3,1247.35,1247.35,1308498300,ok,VNINDEX
484,2024-03-11,1248.54,1254.01,1233.49,1235.49,922753300,ok,VNINDEX
485,2024-03-12,1234.87,1248.33,1233.14,1245.0,792213500,ok,VNINDEX
486,2024-03-13,1245.25,1270.51,1245.25,1270.51,890291900,ok,VNINDEX
487,2024-03-14,1272.16,1276.41,1258.67,1264.26,1021281000,ok,VNINDEX
488,2024-03-15,1263.46,1271.63,1252.36,1263.78,1008834600,ok,VNINDEX
489,2024-03-18,1264.17,1269.9,1221.67,1243.56,1616423600,ok,VNINDEX
490,2024-03-19,1246.54,1249.75,1238.92,1242.46,782479600,ok,VNINDEX
491,2024-03-20,1243.78,1261.55,1235.46,1260.08,859094600,ok,VNINDEX
492,2024-03-21,1268.02,1276.42,1264.2,1276.42,1135242300,ok,VNINDEX
493,2024-03-22,1281.56,1291.27,1276.38,1281.8,1180774200,ok,VNINDEX
494,2024-03-25,1278.86,1286.84,1264.51,1267.86,1165944800,ok,VNINDEX
495,2024-03-26,1267.95,1282.5,1264.42,1282.21,858426100,ok,VNINDEX
496,2024-03-27,1286.34,1286.72,1276.95,1283.09,803249600,ok,VNINDEX
497,2024-03-28,1293.03,1293.9,1285.52,1290.18,888388100,ok,VNINDEX
498,2024-03-29,1292.7,1293.04,1282.44,1284.09,790542600,ok,VNINDEX
